<?xml version="1.0" encoding="UTF-8"?>
<GenRun Id="synth_1" LaunchPart="xc7a35tcpg236-1" LaunchTime="1733086679" LaunchIncrCheckpoint="$PSRCDIR/utils_1/imports/synth_1/topmodule.dcp">
  <File Type="PA-TCL" Name="topmodule.tcl"/>
  <File Type="RDS-PROPCONSTRS" Name="topmodule_drc_synth.rpt"/>
  <File Type="REPORTS-TCL" Name="topmodule_reports.tcl"/>
  <File Type="RDS-RDS" Name="topmodule.vds"/>
  <File Type="RDS-UTIL" Name="topmodule_utilization_synth.rpt"/>
  <File Type="RDS-UTIL-PB" Name="topmodule_utilization_synth.pb"/>
  <File Type="RDS-DCP" Name="topmodule.dcp"/>
  <File Type="VDS-TIMINGSUMMARY" Name="topmodule_timing_summary_synth.rpt"/>
  <File Type="VDS-TIMING-PB" Name="topmodule_timing_summary_synth.pb"/>
  <FileSet Name="sources" Type="DesignSrcs" RelSrcDir="$PSRCDIR/sources_1" RelGenDir="$PGENDIR/sources_1">
    <Filter Type="Srcs"/>
    <File Path="$PSRCDIR/sources_1/new/debouncer.v">
      <FileInfo>
        <Attr Name="ImportPath" Val="$PPRDIR/../DigitalDesignProject2/DigitalDesignProject2.srcs/sources_1/new/debouncer.v"/>
        <Attr Name="ImportTime" Val="1733054664"/>
        <Attr Name="UsedIn" Val="synthesis"/>
        <Attr Name="UsedIn" Val="implementation"/>
        <Attr Name="UsedIn" Val="simulation"/>
      </FileInfo>
    </File>
    <File Path="$PSRCDIR/sources_1/new/pixels.v">
      <FileInfo>
        <Attr Name="ImportPath" Val="$PPRDIR/../DigitalDesignProject2/DigitalDesignProject2.srcs/sources_1/new/pixels.v"/>
        <Attr Name="ImportTime" Val="1733078266"/>
        <Attr Name="UsedIn" Val="synthesis"/>
        <Attr Name="UsedIn" Val="implementation"/>
        <Attr Name="UsedIn" Val="simulation"/>
      </FileInfo>
    </File>
    <File Path="$PSRCDIR/sources_1/new/vga_sync.v">
      <FileInfo>
        <Attr Name="ImportPath" Val="$PPRDIR/../DigitalDesignProject2/DigitalDesignProject2.srcs/sources_1/new/vga_sync.v"/>
        <Attr Name="ImportTime" Val="1733055090"/>
        <Attr Name="UsedIn" Val="synthesis"/>
        <Attr Name="UsedIn" Val="implementation"/>
        <Attr Name="UsedIn" Val="simulation"/>
      </FileInfo>
    </File>
    <File Path="$PSRCDIR/sources_1/new/topmodule.v">
      <FileInfo>
        <Attr Name="ImportPath" Val="$PPRDIR/../DigitalDesignProject2/DigitalDesignProject2.srcs/sources_1/new/topmodule.v"/>
        <Attr Name="ImportTime" Val="1733073175"/>
        <Attr Name="UsedIn" Val="synthesis"/>
        <Attr Name="UsedIn" Val="implementation"/>
        <Attr Name="UsedIn" Val="simulation"/>
      </FileInfo>
    </File>
    <File Path="$PSRCDIR/sources_1/new/BCD.v">
      <FileInfo>
        <Attr Name="AutoDisabled" Val="1"/>
        <Attr Name="ImportPath" Val="$PPRDIR/../DigitalDesignProject2/DigitalDesignProject2.srcs/sources_1/new/BCD.v"/>
        <Attr Name="ImportTime" Val="1733067076"/>
        <Attr Name="UsedIn" Val="synthesis"/>
        <Attr Name="UsedIn" Val="implementation"/>
        <Attr Name="UsedIn" Val="simulation"/>
      </FileInfo>
    </File>
    <Config>
      <Option Name="DesignMode" Val="RTL"/>
      <Option Name="TopModule" Val="topmodule"/>
      <Option Name="TopAutoSet" Val="TRUE"/>
    </Config>
  </FileSet>
  <FileSet Name="constrs_in" Type="Constrs" RelSrcDir="$PSRCDIR/constrs_1">
    <Filter Type="Constrs"/>
    <File Path="$PSRCDIR/constrs_1/new/pong.xdc">
      <FileInfo>
        <Attr Name="ImportPath" Val="$PPRDIR/../DigitalDesignProject2/DigitalDesignProject2.srcs/constrs_1/new/pong.xdc"/>
        <Attr Name="ImportTime" Val="1733071239"/>
        <Attr Name="UsedIn" Val="synthesis"/>
        <Attr Name="UsedIn" Val="implementation"/>
      </FileInfo>
    </File>
    <Config>
      <Option Name="TargetConstrsFile" Val="$PSRCDIR/constrs_1/new/pong.xdc"/>
      <Option Name="ConstrsType" Val="XDC"/>
    </Config>
  </FileSet>
  <FileSet Name="utils" Type="Utils" RelSrcDir="$PSRCDIR/utils_1">
    <Filter Type="Utils"/>
    <File Path="$PSRCDIR/utils_1/imports/synth_1/topmodule.dcp">
      <FileInfo>
        <Attr Name="ImportPath" Val="$PPRDIR/../DigitalDesignProject2/DigitalDesignProject2.srcs/utils_1/imports/synth_1/topmodule.dcp"/>
        <Attr Name="ImportTime" Val="1733078044"/>
        <Attr Name="UsedIn" Val="synthesis"/>
        <Attr Name="UsedIn" Val="implementation"/>
        <Attr Name="UsedInSteps" Val="synth_1"/>
        <Attr Name="AutoDcp" Val="1"/>
      </FileInfo>
    </File>
    <Config>
      <Option Name="TopAutoSet" Val="TRUE"/>
    </Config>
  </FileSet>
  <Strategy Version="1" Minor="2">
    <StratHandle Name="Vivado Synthesis Defaults" Flow="Vivado Synthesis 2022"/>
    <Step Id="synth_design"/>
  </Strategy>
</GenRun>
