<?xml version="1.0" encoding="UTF-8"?>
<GenRun Id="impl_1" LaunchPart="xc7a35tcpg236-1" LaunchTime="1733086679">
  <File Type="ROUTE-PWR" Name="topmodule_power_routed.rpt"/>
  <File Type="PA-TCL" Name="topmodule.tcl"/>
  <File Type="BITSTR-MMI" Name="topmodule.mmi"/>
  <File Type="OPT-METHODOLOGY-DRC" Name="topmodule_methodology_drc_opted.rpt"/>
  <File Type="INIT-TIMING" Name="topmodule_timing_summary_init.rpt"/>
  <File Type="ROUTE-PWR-SUM" Name="topmodule_power_summary_routed.pb"/>
  <File Type="REPORTS-TCL" Name="topmodule_reports.tcl"/>
  <File Type="OPT-TIMING" Name="topmodule_timing_summary_opted.rpt"/>
  <File Type="OPT-DCP" Name="topmodule_opt.dcp"/>
  <File Type="OPT-DRC" Name="topmodule_drc_opted.rpt"/>
  <File Type="OPT-HWDEF" Name="topmodule.hwdef"/>
  <File Type="PWROPT-DCP" Name="topmodule_pwropt.dcp"/>
  <File Type="PWROPT-DRC" Name="topmodule_drc_pwropted.rpt"/>
  <File Type="PWROPT-TIMING" Name="topmodule_timing_summary_pwropted.rpt"/>
  <File Type="PLACE-DCP" Name="topmodule_placed.dcp"/>
  <File Type="PLACE-IO" Name="topmodule_io_placed.rpt"/>
  <File Type="PLACE-CLK" Name="topmodule_clock_utilization_placed.rpt"/>
  <File Type="PLACE-UTIL" Name="topmodule_utilization_placed.rpt"/>
  <File Type="PLACE-UTIL-PB" Name="topmodule_utilization_placed.pb"/>
  <File Type="PLACE-CTRL" Name="topmodule_control_sets_placed.rpt"/>
  <File Type="PLACE-SIMILARITY" Name="topmodule_incremental_reuse_placed.rpt"/>
  <File Type="PLACE-PRE-SIMILARITY" Name="topmodule_incremental_reuse_pre_placed.rpt"/>
  <File Type="BG-BIN" Name="topmodule.bin"/>
  <File Type="PLACE-TIMING" Name="topmodule_timing_summary_placed.rpt"/>
  <File Type="POSTPLACE-PWROPT-DCP" Name="topmodule_postplace_pwropt.dcp"/>
  <File Type="BITSTR-MSK" Name="topmodule.msk"/>
  <File Type="POSTPLACE-PWROPT-TIMING" Name="topmodule_timing_summary_postplace_pwropted.rpt"/>
  <File Type="PHYSOPT-DCP" Name="topmodule_physopt.dcp"/>
  <File Type="PHYSOPT-DRC" Name="topmodule_drc_physopted.rpt"/>
  <File Type="BITSTR-RBT" Name="topmodule.rbt"/>
  <File Type="PHYSOPT-TIMING" Name="topmodule_timing_summary_physopted.rpt"/>
  <File Type="ROUTE-ERROR-DCP" Name="topmodule_routed_error.dcp"/>
  <File Type="ROUTE-DCP" Name="topmodule_routed.dcp"/>
  <File Type="ROUTE-BLACKBOX-DCP" Name="topmodule_routed_bb.dcp"/>
  <File Type="ROUTE-DRC" Name="topmodule_drc_routed.rpt"/>
  <File Type="ROUTE-DRC-PB" Name="topmodule_drc_routed.pb"/>
  <File Type="ROUTE-DRC-RPX" Name="topmodule_drc_routed.rpx"/>
  <File Type="ROUTE-METHODOLOGY-DRC" Name="topmodule_methodology_drc_routed.rpt"/>
  <File Type="ROUTE-METHODOLOGY-DRC-RPX" Name="topmodule_methodology_drc_routed.rpx"/>
  <File Type="ROUTE-METHODOLOGY-DRC-PB" Name="topmodule_methodology_drc_routed.pb"/>
  <File Type="ROUTE-PWR-RPX" Name="topmodule_power_routed.rpx"/>
  <File Type="ROUTE-STATUS" Name="topmodule_route_status.rpt"/>
  <File Type="ROUTE-STATUS-PB" Name="topmodule_route_status.pb"/>
  <File Type="ROUTE-TIMINGSUMMARY" Name="topmodule_timing_summary_routed.rpt"/>
  <File Type="ROUTE-TIMING-PB" Name="topmodule_timing_summary_routed.pb"/>
  <File Type="ROUTE-TIMING-RPX" Name="topmodule_timing_summary_routed.rpx"/>
  <File Type="ROUTE-SIMILARITY" Name="topmodule_incremental_reuse_routed.rpt"/>
  <File Type="ROUTE-CLK" Name="topmodule_clock_utilization_routed.rpt"/>
  <File Type="ROUTE-BUS-SKEW" Name="topmodule_bus_skew_routed.rpt"/>
  <File Type="ROUTE-BUS-SKEW-PB" Name="topmodule_bus_skew_routed.pb"/>
  <File Type="ROUTE-BUS-SKEW-RPX" Name="topmodule_bus_skew_routed.rpx"/>
  <File Type="POSTROUTE-PHYSOPT-DCP" Name="topmodule_postroute_physopt.dcp"/>
  <File Type="POSTROUTE-PHYSOPT-BLACKBOX-DCP" Name="topmodule_postroute_physopt_bb.dcp"/>
  <File Type="POSTROUTE-PHYSOPT-TIMING" Name="topmodule_timing_summary_postroute_physopted.rpt"/>
  <File Type="POSTROUTE-PHYSOPT-TIMING-PB" Name="topmodule_timing_summary_postroute_physopted.pb"/>
  <File Type="POSTROUTE-PHYSOPT-TIMING-RPX" Name="topmodule_timing_summary_postroute_physopted.rpx"/>
  <File Type="POSTROUTE-PHYSOPT-BUS-SKEW" Name="topmodule_bus_skew_postroute_physopted.rpt"/>
  <File Type="BG-BIT" Name="topmodule.bit"/>
  <File Type="POSTROUTE-PHYSOPT-BUS-SKEW-PB" Name="topmodule_bus_skew_postroute_physopted.pb"/>
  <File Type="POSTROUTE-PHYSOPT-BUS-SKEW-RPX" Name="topmodule_bus_skew_postroute_physopted.rpx"/>
  <File Type="BITSTR-NKY" Name="topmodule.nky"/>
  <File Type="BITSTR-BMM" Name="topmodule_bd.bmm"/>
  <File Type="PDI-FILE" Name="topmodule.pdi"/>
  <File Type="RCFI_FILE" Name="topmodule.rcfi"/>
  <File Type="CFI_FILE" Name="topmodule.cfi"/>
  <File Type="RNPI_FILE" Name="topmodule.rnpi"/>
  <File Type="NPI_FILE" Name="topmodule.npi"/>
  <File Type="RBD_FILE" Name="topmodule.rbd"/>
  <File Type="BITSTR-LTX" Name="debug_nets.ltx"/>
  <File Type="BITSTR-LTX" Name="topmodule.ltx"/>
  <File Type="BITSTR-SYSDEF" Name="topmodule.sysdef"/>
  <File Type="BG-BGN" Name="topmodule.bgn"/>
  <File Type="BG-DRC" Name="topmodule.drc"/>
  <File Type="RDI-RDI" Name="topmodule.vdi"/>
  <File Type="WBT-USG" Name="usage_statistics_webtalk.html"/>
  <File Type="ROUTE-RQS" Name="topmodule_routed.rqs"/>
  <File Type="POSTROUTE-PHYSOPT-RQS" Name="topmodule_postroute_physopted.rqs"/>
  <File Type="ROUTE-RQS-RPT" Name="route_report_qor_suggestions_0.rpt"/>
  <File Type="POSTROUTE-PHYSOPT-RQS-RPT" Name="postroute_physopt_report_qor_suggestions_0.rpt"/>
  <FileSet Name="sources" Type="DesignSrcs" RelSrcDir="$PSRCDIR/sources_1" RelGenDir="$PGENDIR/sources_1">
    <Filter Type="Srcs"/>
    <File Path="$PSRCDIR/sources_1/new/debouncer.v">
      <FileInfo>
        <Attr Name="ImportPath" Val="$PPRDIR/../DigitalDesignProject2/DigitalDesignProject2.srcs/sources_1/new/debouncer.v"/>
        <Attr Name="ImportTime" Val="1733054664"/>
        <Attr Name="UsedIn" Val="synthesis"/>
        <Attr Name="UsedIn" Val="implementation"/>
        <Attr Name="UsedIn" Val="simulation"/>
      </FileInfo>
    </File>
    <File Path="$PSRCDIR/sources_1/new/pixels.v">
      <FileInfo>
        <Attr Name="ImportPath" Val="$PPRDIR/../DigitalDesignProject2/DigitalDesignProject2.srcs/sources_1/new/pixels.v"/>
        <Attr Name="ImportTime" Val="1733078266"/>
        <Attr Name="UsedIn" Val="synthesis"/>
        <Attr Name="UsedIn" Val="implementation"/>
        <Attr Name="UsedIn" Val="simulation"/>
      </FileInfo>
    </File>
    <File Path="$PSRCDIR/sources_1/new/vga_sync.v">
      <FileInfo>
        <Attr Name="ImportPath" Val="$PPRDIR/../DigitalDesignProject2/DigitalDesignProject2.srcs/sources_1/new/vga_sync.v"/>
        <Attr Name="ImportTime" Val="1733055090"/>
        <Attr Name="UsedIn" Val="synthesis"/>
        <Attr Name="UsedIn" Val="implementation"/>
        <Attr Name="UsedIn" Val="simulation"/>
      </FileInfo>
    </File>
    <File Path="$PSRCDIR/sources_1/new/topmodule.v">
      <FileInfo>
        <Attr Name="ImportPath" Val="$PPRDIR/../DigitalDesignProject2/DigitalDesignProject2.srcs/sources_1/new/topmodule.v"/>
        <Attr Name="ImportTime" Val="1733073175"/>
        <Attr Name="UsedIn" Val="synthesis"/>
        <Attr Name="UsedIn" Val="implementation"/>
        <Attr Name="UsedIn" Val="simulation"/>
      </FileInfo>
    </File>
    <File Path="$PSRCDIR/sources_1/new/BCD.v">
      <FileInfo>
        <Attr Name="AutoDisabled" Val="1"/>
        <Attr Name="ImportPath" Val="$PPRDIR/../DigitalDesignProject2/DigitalDesignProject2.srcs/sources_1/new/BCD.v"/>
        <Attr Name="ImportTime" Val="1733067076"/>
        <Attr Name="UsedIn" Val="synthesis"/>
        <Attr Name="UsedIn" Val="implementation"/>
        <Attr Name="UsedIn" Val="simulation"/>
      </FileInfo>
    </File>
    <Config>
      <Option Name="DesignMode" Val="RTL"/>
      <Option Name="TopModule" Val="topmodule"/>
      <Option Name="TopAutoSet" Val="TRUE"/>
    </Config>
  </FileSet>
  <FileSet Name="constrs_in" Type="Constrs" RelSrcDir="$PSRCDIR/constrs_1">
    <Filter Type="Constrs"/>
    <File Path="$PSRCDIR/constrs_1/new/pong.xdc">
      <FileInfo>
        <Attr Name="ImportPath" Val="$PPRDIR/../DigitalDesignProject2/DigitalDesignProject2.srcs/constrs_1/new/pong.xdc"/>
        <Attr Name="ImportTime" Val="1733071239"/>
        <Attr Name="UsedIn" Val="synthesis"/>
        <Attr Name="UsedIn" Val="implementation"/>
      </FileInfo>
    </File>
    <Config>
      <Option Name="TargetConstrsFile" Val="$PSRCDIR/constrs_1/new/pong.xdc"/>
      <Option Name="ConstrsType" Val="XDC"/>
    </Config>
  </FileSet>
  <FileSet Name="utils" Type="Utils" RelSrcDir="$PSRCDIR/utils_1">
    <Filter Type="Utils"/>
    <File Path="$PSRCDIR/utils_1/imports/synth_1/topmodule.dcp">
      <FileInfo>
        <Attr Name="ImportPath" Val="$PPRDIR/../DigitalDesignProject2/DigitalDesignProject2.srcs/utils_1/imports/synth_1/topmodule.dcp"/>
        <Attr Name="ImportTime" Val="1733078044"/>
        <Attr Name="UsedIn" Val="synthesis"/>
        <Attr Name="UsedIn" Val="implementation"/>
        <Attr Name="UsedInSteps" Val="synth_1"/>
        <Attr Name="AutoDcp" Val="1"/>
      </FileInfo>
    </File>
    <Config>
      <Option Name="TopAutoSet" Val="TRUE"/>
    </Config>
  </FileSet>
  <Strategy Version="1" Minor="2">
    <StratHandle Name="Vivado Implementation Defaults" Flow="Vivado Implementation 2022"/>
    <Step Id="init_design"/>
    <Step Id="opt_design"/>
    <Step Id="power_opt_design"/>
    <Step Id="place_design"/>
    <Step Id="post_place_power_opt_design"/>
    <Step Id="phys_opt_design"/>
    <Step Id="route_design"/>
    <Step Id="post_route_phys_opt_design"/>
    <Step Id="write_bitstream"/>
  </Strategy>
</GenRun>
